{
	"version": "0.1",
	"countries": [
		{"code": "AF", "name": "Afghanistan", "phonePrefix": "93"},
		{"code": "AX", "name": "Aland Islands", "phonePrefix": "358"},
		{"code": "AL", "name": "Albania", "phonePrefix": "355"},
		{"code": "DZ", "name": "Algeria", "phonePrefix": "213"},
		{"code": "AS", "name": "American Samoa", "phonePrefix": "1-684"},
		{"code": "AD", "name": "Andorra", "phonePrefix": "376"},
		{"code": "AO", "name": "Angola", "phonePrefix": "244"},
		{"code": "AI", "name": "Anguilla", "phonePrefix": "1-264"},
		{"code": "AQ", "name": "Antarctica", "phonePrefix": "672"},
		{"code": "AG", "name": "Antigua and Barbuda", "phonePrefix": "1-268"},
		{"code": "AR", "name": "Argentina", "phonePrefix": "54"},
		{"code": "AM", "name": "Armenia", "phonePrefix": "374"},
		{"code": "AW", "name": "Aruba", "phonePrefix": "297"},
		{"code": "AU", "name": "Australia", "phonePrefix": "61"},
		{"code": "AT", "name": "Austria", "phonePrefix": "43"},
		{"code": "AZ", "name": "Azerbaijan", "phonePrefix": "994"},
		{"code": "BS", "name": "Bahamas", "phonePrefix": "1-242"},
		{"code": "BH", "name": "Bahrain", "phonePrefix": "973"},
		{"code": "BD", "name": "Bangladesh", "phonePrefix": "880"},
		{"code": "BB", "name": "Barbados", "phonePrefix": "1-246"},
		{"code": "BY", "name": "Belarus", "phonePrefix": "375"},
		{"code": "BE", "name": "Belgium", "phonePrefix": "32"},
		{"code": "BZ", "name": "Belize", "phonePrefix": "501"},
		{"code": "BJ", "name": "Benin", "phonePrefix": "229"},
		{"code": "BM", "name": "Bermuda", "phonePrefix": "1-441"},
		{"code": "BT", "name": "Bhutan", "phonePrefix": "975"},
		{"code": "BO", "name": "Bolivia", "phonePrefix": "591"},
		{"code": "BA", "name": "Bosnia and Herzegovina", "phonePrefix": "387"},
		{"code": "BW", "name": "Botswana", "phonePrefix": "267"},
		{"code": "BV", "name": "Bouvet Island", "phonePrefix": "47"},
		{"code": "BR", "name": "Brazil", "phonePrefix": "55"},
		{"code": "VG", "name": "British Virgin Islands", "phonePrefix": "1-284"},
		{"code": "IO", "name": "British Indian Ocean Territory", "phonePrefix": "246"},
		{"code": "BN", "name": "Brunei Darussalam", "phonePrefix": "673"},
		{"code": "BG", "name": "Bulgaria", "phonePrefix": "359"},
		{"code": "BF", "name": "Burkina Faso", "phonePrefix": "226"},
		{"code": "BI", "name": "Burundi", "phonePrefix": "257"},
		{"code": "KH", "name": "Cambodia", "phonePrefix": "855"},
		{"code": "CM", "name": "Cameroon", "phonePrefix": "237"},
		{"code": "CA", "name": "Canada", "phonePrefix": "1"},
		{"code": "CV", "name": "Cape Verde", "phonePrefix": "238"},
		{"code": "KY", "name": "Cayman Islands", "phonePrefix": "1-345"},
		{"code": "CF", "name": "Central African Republic", "phonePrefix": "236"},
		{"code": "TD", "name": "Chad", "phonePrefix": "235"},
		{"code": "CL", "name": "Chile", "phonePrefix": "56"},
		{"code": "CN", "name": "China", "phonePrefix": "86"},
		{"code": "HK", "name": "Hong Kong, SAR China", "phonePrefix": "852"},
		{"code": "MO", "name": "Macao, SAR China", "phonePrefix": "853"},
		{"code": "CX", "name": "Christmas Island", "phonePrefix": "61"},
		{"code": "CC", "name": "Cocos (Keeling) Islands", "phonePrefix": "61"},
		{"code": "CO", "name": "Colombia", "phonePrefix": "57"},
		{"code": "KM", "name": "Comoros", "phonePrefix": "269"},
		{"code": "CG", "name": "Congo (Brazzaville)", "phonePrefix": "242"},
		{"code": "CD", "name": "Congo, (Kinshasa)", "phonePrefix": "243"},
		{"code": "CK", "name": "Cook Islands", "phonePrefix": "682"},
		{"code": "CR", "name": "Costa Rica", "phonePrefix": "506"},
		{"code": "CI", "name": "Côte d'Ivoire", "phonePrefix": "225"},
		{"code": "HR", "name": "Croatia", "phonePrefix": "385"},
		{"code": "CU", "name": "Cuba", "phonePrefix": "53"},
		{"code": "CY", "name": "Cyprus", "phonePrefix": "357"},
		{"code": "CZ", "name": "Czech Republic", "phonePrefix": "420"},
		{"code": "DK", "name": "Denmark", "phonePrefix": "45"},
		{"code": "DJ", "name": "Djibouti", "phonePrefix": "253"},
		{"code": "DM", "name": "Dominica", "phonePrefix": "1-767"},
		{"code": "DO", "name": "Dominican Republic", "phonePrefix": "1-809,1-829,1-849"},
		{"code": "EC", "name": "Ecuador", "phonePrefix": "593"},
		{"code": "EG", "name": "Egypt", "phonePrefix": "20"},
		{"code": "SV", "name": "El Salvador", "phonePrefix": "503"},
		{"code": "GQ", "name": "Equatorial Guinea", "phonePrefix": "240"},
		{"code": "ER", "name": "Eritrea", "phonePrefix": "291"},
		{"code": "EE", "name": "Estonia", "phonePrefix": "372"},
		{"code": "ET", "name": "Ethiopia", "phonePrefix": "251"},
		{"code": "FK", "name": "Falkland Islands (Malvinas)", "phonePrefix": "500"},
		{"code": "FO", "name": "Faroe Islands", "phonePrefix": "298"},
		{"code": "FJ", "name": "Fiji", "phonePrefix": "679"},
		{"code": "FI", "name": "Finland", "phonePrefix": "358"},
		{"code": "FR", "name": "France", "phonePrefix": "33"},
		{"code": "GF", "name": "French Guiana", "phonePrefix": "594"},
		{"code": "PF", "name": "French Polynesia", "phonePrefix": "689"},
		{"code": "TF", "name": "French Southern Territories", "phonePrefix": "262"},
		{"code": "GA", "name": "Gabon", "phonePrefix": "241"},
		{"code": "GM", "name": "Gambia", "phonePrefix": "220"},
		{"code": "GE", "name": "Georgia", "phonePrefix": "995"},
		{"code": "DE", "name": "Germany", "phonePrefix": "49"},
		{"code": "GH", "name": "Ghana", "phonePrefix": "233"},
		{"code": "GI", "name": "Gibraltar", "phonePrefix": "350"},
		{"code": "GR", "name": "Greece", "phonePrefix": "30"},
		{"code": "GL", "name": "Greenland", "phonePrefix": "299"},
		{"code": "GD", "name": "Grenada", "phonePrefix": "1-473"},
		{"code": "GP", "name": "Guadeloupe", "phonePrefix": "590"},
		{"code": "GU", "name": "Guam", "phonePrefix": "1-671"},
		{"code": "GT", "name": "Guatemala", "phonePrefix": "502"},
		{"code": "GG", "name": "Guernsey", "phonePrefix": "44"},
		{"code": "GN", "name": "Guinea", "phonePrefix": "224"},
		{"code": "GW", "name": "Guinea-Bissau", "phonePrefix": "245"},
		{"code": "GY", "name": "Guyana", "phonePrefix": "592"},
		{"code": "HT", "name": "Haiti", "phonePrefix": "509"},
		{"code": "HM", "name": "Heard and Mcdonald Islands", "phonePrefix": "672"},
		{"code": "VA", "name": "Holy See (Vatican City State)", "phonePrefix": "379"},
		{"code": "HN", "name": "Honduras", "phonePrefix": "504"},
		{"code": "HU", "name": "Hungary", "phonePrefix": "36"},
		{"code": "IS", "name": "Iceland", "phonePrefix": "354"},
		{"code": "IN", "name": "India", "phonePrefix": "91"},
		{"code": "ID", "name": "Indonesia", "phonePrefix": "62"},
		{"code": "IR", "name": "Iran, Islamic Republic of", "phonePrefix": "98"},
		{"code": "IQ", "name": "Iraq", "phonePrefix": "964"},
		{"code": "IE", "name": "Ireland", "phonePrefix": "353"},
		{"code": "IM", "name": "Isle of Man", "phonePrefix": "44"},
		{"code": "IL", "name": "Israel", "phonePrefix": "972"},
		{"code": "IT", "name": "Italy", "phonePrefix": "39"},
		{"code": "JM", "name": "Jamaica", "phonePrefix": "1-876"},
		{"code": "JP", "name": "Japan", "phonePrefix": "81"},
		{"code": "JE", "name": "Jersey", "phonePrefix": "44"},
		{"code": "JO", "name": "Jordan", "phonePrefix": "962"},
		{"code": "KZ", "name": "Kazakhstan", "phonePrefix": "7"},
		{"code": "KE", "name": "Kenya", "phonePrefix": "254"},
		{"code": "KI", "name": "Kiribati", "phonePrefix": "686"},
		{"code": "KP", "name": "Korea (North)", "phonePrefix": "850"},
		{"code": "KR", "name": "Korea (South)", "phonePrefix": "82"},
		{"code": "KW", "name": "Kuwait", "phonePrefix": "965"},
		{"code": "KG", "name": "Kyrgyzstan", "phonePrefix": "996"},
		{"code": "LA", "name": "Lao PDR", "phonePrefix": "856"},
		{"code": "LV", "name": "Latvia", "phonePrefix": "371"},
		{"code": "LB", "name": "Lebanon", "phonePrefix": "961"},
		{"code": "LS", "name": "Lesotho", "phonePrefix": "266"},
		{"code": "LR", "name": "Liberia", "phonePrefix": "231"},
		{"code": "LY", "name": "Libya", "phonePrefix": "218"},
		{"code": "LI", "name": "Liechtenstein", "phonePrefix": "423"},
		{"code": "LT", "name": "Lithuania", "phonePrefix": "370"},
		{"code": "LU", "name": "Luxembourg", "phonePrefix": "352"},
		{"code": "MK", "name": "Macedonia, Republic of", "phonePrefix": "389"},
		{"code": "MG", "name": "Madagascar", "phonePrefix": "261"},
		{"code": "MW", "name": "Malawi", "phonePrefix": "265"},
		{"code": "MY", "name": "Malaysia", "phonePrefix": "60"},
		{"code": "MV", "name": "Maldives", "phonePrefix": "960"},
		{"code": "ML", "name": "Mali", "phonePrefix": "223"},
		{"code": "MT", "name": "Malta", "phonePrefix": "356"},
		{"code": "MH", "name": "Marshall Islands", "phonePrefix": "692"},
		{"code": "MQ", "name": "Martinique", "phonePrefix": "596"},
		{"code": "MR", "name": "Mauritania", "phonePrefix": "222"},
		{"code": "MU", "name": "Mauritius", "phonePrefix": "230"},
		{"code": "YT", "name": "Mayotte", "phonePrefix": "262"},
		{"code": "MX", "name": "Mexico", "phonePrefix": "52"},
		{"code": "FM", "name": "Micronesia, Federated States of", "phonePrefix": "691"},
		{"code": "MD", "name": "Moldova, Republic of", "phonePrefix": "373"},
		{"code": "MC", "name": "Monaco", "phonePrefix": "377"},
		{"code": "MN", "name": "Mongolia", "phonePrefix": "976"},
		{"code": "ME", "name": "Montenegro", "phonePrefix": "382"},
		{"code": "MS", "name": "Montserrat", "phonePrefix": "1-664"},
		{"code": "MA", "name": "Morocco", "phonePrefix": "212"},
		{"code": "MZ", "name": "Mozambique", "phonePrefix": "258"},
		{"code": "MM", "name": "Myanmar", "phonePrefix": "95"},
		{"code": "NA", "name": "Namibia", "phonePrefix": "264"},
		{"code": "NR", "name": "Nauru", "phonePrefix": "674"},
		{"code": "NP", "name": "Nepal", "phonePrefix": "977"},
		{"code": "NL", "name": "Netherlands", "phonePrefix": "31"},
		{"code": "AN", "name": "Netherlands Antilles", "phonePrefix": "599"},
		{"code": "NC", "name": "New Caledonia", "phonePrefix": "687"},
		{"code": "NZ", "name": "New Zealand", "phonePrefix": "64"},
		{"code": "NI", "name": "Nicaragua", "phonePrefix": "505"},
		{"code": "NE", "name": "Niger", "phonePrefix": "227"},
		{"code": "NG", "name": "Nigeria", "phonePrefix": "234"},
		{"code": "NU", "name": "Niue", "phonePrefix": "683"},
		{"code": "NF", "name": "Norfolk Island", "phonePrefix": "672"},
		{"code": "MP", "name": "Northern Mariana Islands", "phonePrefix": "1-670"},
		{"code": "NO", "name": "Norway", "phonePrefix": "47"},
		{"code": "OM", "name": "Oman", "phonePrefix": "968"},
		{"code": "PK", "name": "Pakistan", "phonePrefix": "92"},
		{"code": "PW", "name": "Palau", "phonePrefix": "680"},
		{"code": "PS", "name": "Palestinian Territory", "phonePrefix": "970"},
		{"code": "PA", "name": "Panama", "phonePrefix": "507"},
		{"code": "PG", "name": "Papua New Guinea", "phonePrefix": "675"},
		{"code": "PY", "name": "Paraguay", "phonePrefix": "595"},
		{"code": "PE", "name": "Peru", "phonePrefix": "51"},
		{"code": "PH", "name": "Philippines", "phonePrefix": "63"},
		{"code": "PN", "name": "Pitcairn", "phonePrefix": "870"},
		{"code": "PL", "name": "Poland", "phonePrefix": "48"},
		{"code": "PT", "name": "Portugal", "phonePrefix": "351"},
		{"code": "PR", "name": "Puerto Rico", "phonePrefix": "1"},
		{"code": "QA", "name": "Qatar", "phonePrefix": "974"},
		{"code": "RE", "name": "Réunion", "phonePrefix": "262"},
		{"code": "RO", "name": "Romania", "phonePrefix": "40"},
		{"code": "RU", "name": "Russian Federation", "phonePrefix": "7"},
		{"code": "RW", "name": "Rwanda", "phonePrefix": "250"},
		{"code": "BL", "name": "Saint-Barthélemy", "phonePrefix": "590"},
		{"code": "SH", "name": "Saint Helena", "phonePrefix": "290"},
		{"code": "KN", "name": "Saint Kitts and Nevis", "phonePrefix": "1-869"},
		{"code": "LC", "name": "Saint Lucia", "phonePrefix": "1-758"},
		{"code": "MF", "name": "Saint-Martin (French)", "phonePrefix": "590"},
		{"code": "PM", "name": "Saint Pierre and Miquelon", "phonePrefix": "508"},
		{"code": "VC", "name": "Saint Vincent and Grenadines", "phonePrefix": "1-784"},
		{"code": "WS", "name": "Samoa", "phonePrefix": "685"},
		{"code": "SM", "name": "San Marino", "phonePrefix": "378"},
		{"code": "ST", "name": "Sao Tome and Principe", "phonePrefix": "239"},
		{"code": "SA", "name": "Saudi Arabia", "phonePrefix": "966"},
		{"code": "SN", "name": "Senegal", "phonePrefix": "221"},
		{"code": "RS", "name": "Serbia", "phonePrefix": "381"},
		{"code": "SC", "name": "Seychelles", "phonePrefix": "248"},
		{"code": "SL", "name": "Sierra Leone", "phonePrefix": "232"},
		{"code": "SG", "name": "Singapore", "phonePrefix": "65"},
		{"code": "SK", "name": "Slovakia", "phonePrefix": "421"},
		{"code": "SI", "name": "Slovenia", "phonePrefix": "386"},
		{"code": "SB", "name": "Solomon Islands", "phonePrefix": "677"},
		{"code": "SO", "name": "Somalia", "phonePrefix": "252"},
		{"code": "ZA", "name": "South Africa", "phonePrefix": "27"},
		{"code": "__", "name": "South Georgia and the", "phonePrefix": ""},
		{"code": "GS", "name": "South Sandwich Islands", "phonePrefix": "500"},
		{"code": "SS", "name": "South Sudan", "phonePrefix": "211"},
		{"code": "ES", "name": "Spain", "phonePrefix": "34"},
		{"code": "LK", "name": "Sri Lanka", "phonePrefix": "94"},
		{"code": "SD", "name": "Sudan", "phonePrefix": "249"},
		{"code": "SR", "name": "Suriname", "phonePrefix": "597"},
		{"code": "SJ", "name": "Svalbard and Jan Mayen Islands", "phonePrefix": "47"},
		{"code": "SZ", "name": "Swaziland", "phonePrefix": "268"},
		{"code": "SE", "name": "Sweden", "phonePrefix": "46"},
		{"code": "CH", "name": "Switzerland", "phonePrefix": "41"},
		{"code": "SY", "name": "Syrian Arab Republic (Syria)", "phonePrefix": "963"},
		{"code": "TW", "name": "Taiwan, Republic of China", "phonePrefix": "886"},
		{"code": "TJ", "name": "Tajikistan", "phonePrefix": "992"},
		{"code": "TZ", "name": "Tanzania, United Republic of", "phonePrefix": "255"},
		{"code": "TH", "name": "Thailand", "phonePrefix": "66"},
		{"code": "TL", "name": "Timor-Leste", "phonePrefix": "670"},
		{"code": "TG", "name": "Togo", "phonePrefix": "228"},
		{"code": "TK", "name": "Tokelau", "phonePrefix": "690"},
		{"code": "TO", "name": "Tonga", "phonePrefix": "676"},
		{"code": "TT", "name": "Trinidad and Tobago", "phonePrefix": "1-868"},
		{"code": "TN", "name": "Tunisia", "phonePrefix": "216"},
		{"code": "TR", "name": "Turkey", "phonePrefix": "90"},
		{"code": "TM", "name": "Turkmenistan", "phonePrefix": "993"},
		{"code": "TC", "name": "Turks and Caicos Islands", "phonePrefix": "1-649"},
		{"code": "TV", "name": "Tuvalu", "phonePrefix": "688"},
		{"code": "UG", "name": "Uganda", "phonePrefix": "256"},
		{"code": "UA", "name": "Ukraine", "phonePrefix": "380"},
		{"code": "AE", "name": "United Arab Emirates", "phonePrefix": "971"},
		{"code": "GB", "name": "United Kingdom", "phonePrefix": "44"},
		{"code": "US", "name": "United States of America", "phonePrefix": "1"},
		{"code": "UM", "name": "US Minor Outlying Islands", "phonePrefix": "1"},
		{"code": "UY", "name": "Uruguay", "phonePrefix": "598"},
		{"code": "UZ", "name": "Uzbekistan", "phonePrefix": "998"},
		{"code": "VU", "name": "Vanuatu", "phonePrefix": "678"},
		{"code": "VE", "name": "Venezuela (Bolivarian Republic)", "phonePrefix": "58"},
		{"code": "VN", "name": "Viet Nam", "phonePrefix": "84"},
		{"code": "VI", "name": "Virgin Islands, US", "phonePrefix": "1-340"},
		{"code": "WF", "name": "Wallis and Futuna Islands", "phonePrefix": "681"},
		{"code": "EH", "name": "Western Sahara", "phonePrefix": "212"},
		{"code": "YE", "name": "Yemen", "phonePrefix": "967"},
		{"code": "ZM", "name": "Zambia", "phonePrefix": "260"},
		{"code": "ZW", "name": "Zimbabwe", "phonePrefix": "263"}
	]
}